{"cameraMode":{"drawMode":0,"name":"Shaded","section":"Shading Mode"},"sceneLighting":false,"audioPlay":false,"sceneViewState":{"m_AlwaysRefresh":false,"showFog":true,"showSkybox":false,"showFlares":true,"showImageEffects":true,"showParticleSystems":true,"showVisualEffectGraphs":true,"m_FxEnabled":false},"in2DMode":false,"pivot":{"x":-1.1124768257141114,"y":1.4776314496994019,"z":12.029166221618653},"rotation":{"x":0.019049495458602907,"y":0.24699147045612336,"z":-0.005480516701936722,"w":0.9689322710037231},"size":2.459512233734131,"orthographic":false}