{"cameraMode":{"drawMode":0,"name":"Shaded","section":"Shading Mode"},"sceneLighting":false,"audioPlay":false,"sceneViewState":{"m_AlwaysRefresh":false,"showFog":true,"showSkybox":false,"showFlares":true,"showImageEffects":true,"showParticleSystems":true,"showVisualEffectGraphs":true,"m_FxEnabled":false},"in2DMode":false,"pivot":{"x":3.4543983936309816,"y":0.5259268283843994,"z":-0.5725857019424439},"rotation":{"x":-0.10748612135648728,"y":0.10595770180225373,"z":-0.011547931469976902,"w":-0.9885292649269104},"size":0.18076036870479585,"orthographic":false}