{"cameraMode":{"drawMode":0,"name":"Shaded","section":"Shading Mode"},"sceneLighting":false,"audioPlay":false,"sceneViewState":{"m_AlwaysRefresh":false,"showFog":true,"showSkybox":false,"showFlares":true,"showImageEffects":true,"showParticleSystems":true,"showVisualEffectGraphs":true,"m_FxEnabled":true},"in2DMode":false,"pivot":{"x":1.0768036842346192,"y":1.0248111486434937,"z":-0.528510332107544},"rotation":{"x":0.04157232493162155,"y":0.7347171902656555,"z":0.046239323914051059,"w":-0.6757923364639282},"size":0.02609086036682129,"orthographic":false}