{"cameraMode":{"drawMode":0,"name":"Shaded","section":"Shading Mode"},"sceneLighting":false,"audioPlay":false,"sceneViewState":{"m_AlwaysRefresh":false,"showFog":true,"showSkybox":false,"showFlares":true,"showImageEffects":true,"showParticleSystems":true,"showVisualEffectGraphs":true,"m_FxEnabled":false},"in2DMode":false,"pivot":{"x":-1.7866476774215699,"y":1.9602810144424439,"z":12.319401741027832},"rotation":{"x":0.030313678085803987,"y":-0.009901022538542748,"z":-0.00020584654703270644,"w":0.9995991587638855},"size":5.8634419441223148,"orthographic":false}