{"cameraMode":{"drawMode":0,"name":"Shaded","section":"Shading Mode"},"sceneLighting":false,"audioPlay":false,"sceneViewState":{"m_AlwaysRefresh":false,"showFog":true,"showSkybox":false,"showFlares":true,"showImageEffects":true,"showParticleSystems":true,"showVisualEffectGraphs":true,"m_FxEnabled":false},"in2DMode":false,"pivot":{"x":-0.03517194464802742,"y":-0.02013937011361122,"z":-0.6795628070831299},"rotation":{"x":-0.041560180485248569,"y":0.9458726644515991,"z":-0.13457874953746797,"w":-0.2926120162010193},"size":0.8660253882408142,"orthographic":false}