{"cameraMode":{"drawMode":0,"name":"Shaded","section":"Shading Mode"},"sceneLighting":false,"audioPlay":false,"sceneViewState":{"m_AlwaysRefresh":false,"showFog":true,"showSkybox":false,"showFlares":true,"showImageEffects":true,"showParticleSystems":true,"showVisualEffectGraphs":true,"m_FxEnabled":true},"in2DMode":false,"pivot":{"x":-2.7720115184783937,"y":0.16040612757205964,"z":4.727949142456055},"rotation":{"x":0.00043864044710062444,"y":-0.9986752271652222,"z":0.054779231548309329,"w":-0.0025137667544186117},"size":0.8660253882408142,"orthographic":false}