{"cameraMode":{"drawMode":0,"name":"Shaded","section":"Shading Mode"},"sceneLighting":false,"audioPlay":false,"sceneViewState":{"m_AlwaysRefresh":false,"showFog":true,"showSkybox":false,"showFlares":true,"showImageEffects":true,"showParticleSystems":true,"showVisualEffectGraphs":true,"m_FxEnabled":false},"in2DMode":false,"pivot":{"x":-0.44056832790374758,"y":2.3044533729553224,"z":2.6730010509490969},"rotation":{"x":-0.27428677678108218,"y":-0.09631114453077316,"z":0.02816826105117798,"w":-0.9565281271934509},"size":0.000017335431039100513,"orthographic":false}