{"cameraMode":{"drawMode":0,"name":"Shaded","section":"Shading Mode"},"sceneLighting":false,"audioPlay":false,"sceneViewState":{"m_AlwaysRefresh":false,"showFog":true,"showSkybox":false,"showFlares":true,"showImageEffects":true,"showParticleSystems":true,"showVisualEffectGraphs":true,"m_FxEnabled":false},"in2DMode":false,"pivot":{"x":-0.05128014087677002,"y":0.33746206760406496,"z":-0.11688552796840668},"rotation":{"x":-0.36644047498703005,"y":0.19623032212257386,"z":-0.07938621938228607,"w":-0.9061033129692078},"size":0.8660253882408142,"orthographic":false}