{"cameraMode":{"drawMode":0,"name":"Shaded","section":"Shading Mode"},"sceneLighting":false,"audioPlay":false,"sceneViewState":{"m_AlwaysRefresh":false,"showFog":true,"showSkybox":false,"showFlares":true,"showImageEffects":true,"showParticleSystems":true,"showVisualEffectGraphs":true,"m_FxEnabled":true},"in2DMode":false,"pivot":{"x":0.4417394697666168,"y":-15.954398155212403,"z":7.726486682891846},"rotation":{"x":0.5617409348487854,"y":0.01938798278570175,"z":0.005534298252314329,"w":0.8272550106048584},"size":10.262919425964356,"orthographic":false}