{"cameraMode":{"drawMode":0,"name":"Shaded","section":"Shading Mode"},"sceneLighting":false,"audioPlay":false,"sceneViewState":{"m_AlwaysRefresh":false,"showFog":true,"showSkybox":false,"showFlares":true,"showImageEffects":true,"showParticleSystems":true,"showVisualEffectGraphs":true,"m_FxEnabled":false},"in2DMode":false,"pivot":{"x":0.376652330160141,"y":0.9693517684936523,"z":-0.7440695762634277},"rotation":{"x":-0.004326504189521074,"y":-0.8441664576530457,"z":0.5361071825027466,"w":-0.0068223802372813229},"size":1.2247449159622193,"orthographic":false}