{"cameraMode":{"drawMode":0,"name":"Shaded","section":"Shading Mode"},"sceneLighting":false,"audioPlay":false,"sceneViewState":{"m_AlwaysRefresh":false,"showFog":false,"showSkybox":false,"showFlares":false,"showImageEffects":false,"showParticleSystems":false,"showVisualEffectGraphs":true,"m_FxEnabled":false},"in2DMode":false,"pivot":{"x":0.30042025446891787,"y":1.081748604774475,"z":0.23985612392425538},"rotation":{"x":-0.5859357118606567,"y":-0.007504429668188095,"z":-0.009488643147051335,"w":-0.8104028701782227},"size":2.173370599746704,"orthographic":false}