{"cameraMode":{"drawMode":0,"name":"Shaded","section":"Shading Mode"},"sceneLighting":false,"audioPlay":false,"sceneViewState":{"m_AlwaysRefresh":false,"showFog":true,"showSkybox":false,"showFlares":true,"showImageEffects":true,"showParticleSystems":true,"showVisualEffectGraphs":true,"m_FxEnabled":false},"in2DMode":false,"pivot":{"x":0.4228482246398926,"y":0.3793325424194336,"z":-0.06387154012918472},"rotation":{"x":0.2228747308254242,"y":-0.6918234825134277,"z":0.23953929543495179,"w":0.6437581181526184},"size":0.8660253882408142,"orthographic":false}