{"cameraMode":{"drawMode":0,"name":"Shaded","section":"Shading Mode"},"sceneLighting":false,"audioPlay":false,"sceneViewState":{"m_AlwaysRefresh":false,"showFog":true,"showSkybox":false,"showFlares":true,"showImageEffects":true,"showParticleSystems":true,"showVisualEffectGraphs":true,"m_FxEnabled":false},"in2DMode":false,"pivot":{"x":0.015413722023367882,"y":0.19613096117973329,"z":0.6084246039390564},"rotation":{"x":0.14743760228157044,"y":0.10426163673400879,"z":-0.015675198286771776,"w":0.983485221862793},"size":0.8660253882408142,"orthographic":false}