{"cameraMode":{"drawMode":0,"name":"Shaded","section":"Shading Mode"},"sceneLighting":false,"audioPlay":false,"sceneViewState":{"m_AlwaysRefresh":false,"showFog":false,"showSkybox":false,"showFlares":false,"showImageEffects":false,"showParticleSystems":false,"showVisualEffectGraphs":true,"m_FxEnabled":true},"in2DMode":false,"pivot":{"x":0.21303580701351167,"y":1.388083577156067,"z":-0.18322035670280457},"rotation":{"x":-0.025119874626398088,"y":0.9620950222015381,"z":-0.2561856210231781,"w":-0.0921105369925499},"size":1.2698712348937989,"orthographic":false}