{"cameraMode":{"drawMode":0,"name":"Shaded","section":"Shading Mode"},"sceneLighting":false,"audioPlay":false,"sceneViewState":{"m_AlwaysRefresh":false,"showFog":true,"showSkybox":false,"showFlares":true,"showImageEffects":true,"showParticleSystems":true,"showVisualEffectGraphs":true,"m_FxEnabled":true},"in2DMode":false,"pivot":{"x":-0.05126956105232239,"y":0.9095410108566284,"z":-0.00005078315734863281},"rotation":{"x":-0.018344253301620485,"y":0.9120977520942688,"z":-0.04031563177704811,"w":-0.4081338942050934},"size":1.5510995388031006,"orthographic":false}