{"cameraMode":{"drawMode":0,"name":"Shaded","section":"Shading Mode"},"sceneLighting":false,"audioPlay":false,"sceneViewState":{"m_AlwaysRefresh":false,"showFog":true,"showSkybox":false,"showFlares":true,"showImageEffects":true,"showParticleSystems":true,"showVisualEffectGraphs":true,"m_FxEnabled":true},"in2DMode":false,"pivot":{"x":0.18700003623962403,"y":0.15700006484985352,"z":-0.019999980926513673},"rotation":{"x":0.14283418655395509,"y":-0.8478335738182068,"z":0.28644710779190066,"w":0.4228178858757019},"size":2.0361077785491945,"orthographic":false}