{"cameraMode":{"drawMode":0,"name":"Shaded","section":"Shading Mode"},"sceneLighting":false,"audioPlay":false,"sceneViewState":{"m_AlwaysRefresh":false,"showFog":true,"showSkybox":false,"showFlares":true,"showImageEffects":true,"showParticleSystems":true,"showVisualEffectGraphs":true,"m_FxEnabled":false},"in2DMode":false,"pivot":{"x":0.00550609827041626,"y":0.8968040943145752,"z":-0.04377453029155731},"rotation":{"x":-0.014884235337376595,"y":0.9415844082832336,"z":-0.3272300362586975,"w":-0.07975362241268158},"size":1.428486943244934,"orthographic":false}