{"cameraMode":{"drawMode":0,"name":"Shaded","section":"Shading Mode"},"sceneLighting":false,"audioPlay":false,"sceneViewState":{"m_AlwaysRefresh":false,"showFog":true,"showSkybox":false,"showFlares":true,"showImageEffects":true,"showParticleSystems":true,"showVisualEffectGraphs":true,"m_FxEnabled":false},"in2DMode":false,"pivot":{"x":-0.30313676595687868,"y":-0.487059086561203,"z":0.5328299403190613},"rotation":{"x":-0.14195767045021058,"y":0.5235242247581482,"z":-0.08895312994718552,"w":-0.8354361653327942},"size":0.8660253882408142,"orthographic":false}