{"cameraMode":{"drawMode":0,"name":"Shaded","section":"Shading Mode"},"sceneLighting":false,"audioPlay":false,"sceneViewState":{"m_AlwaysRefresh":false,"showFog":true,"showSkybox":false,"showFlares":true,"showImageEffects":true,"showParticleSystems":true,"showVisualEffectGraphs":true,"m_FxEnabled":true},"in2DMode":false,"pivot":{"x":96.93075561523438,"y":4.758681774139404,"z":141.67030334472657},"rotation":{"x":-0.03042140230536461,"y":-0.9103053212165833,"z":0.40748801827430727,"w":-0.07087685912847519},"size":3.2366249561309816,"orthographic":false}