{"cameraMode":{"drawMode":0,"name":"Shaded","section":"Shading Mode"},"sceneLighting":false,"audioPlay":false,"sceneViewState":{"m_AlwaysRefresh":false,"showFog":true,"showSkybox":false,"showFlares":true,"showImageEffects":true,"showParticleSystems":true,"showVisualEffectGraphs":true,"m_FxEnabled":false},"in2DMode":false,"pivot":{"x":1.0193042755126954,"y":4.850890159606934,"z":21.097732543945314},"rotation":{"x":-0.022763147950172426,"y":-0.06384474784135819,"z":0.0014425736153498293,"w":-0.9977203011512756},"size":125.77105712890625,"orthographic":false}