{"cameraMode":{"drawMode":0,"name":"Shaded","section":"Shading Mode"},"sceneLighting":false,"audioPlay":false,"sceneViewState":{"m_AlwaysRefresh":false,"showFog":true,"showSkybox":false,"showFlares":true,"showImageEffects":true,"showParticleSystems":true,"showVisualEffectGraphs":true,"m_FxEnabled":false},"in2DMode":false,"pivot":{"x":-0.1753804236650467,"y":-0.19140656292438508,"z":-0.06347019970417023},"rotation":{"x":-0.11485449969768524,"y":0.8605807423591614,"z":-0.44346660375595095,"w":-0.22297465801239015},"size":0.8660253882408142,"orthographic":false}