{"cameraMode":{"drawMode":0,"name":"Shaded","section":"Shading Mode"},"sceneLighting":false,"audioPlay":false,"sceneViewState":{"m_AlwaysRefresh":false,"showFog":true,"showSkybox":false,"showFlares":true,"showImageEffects":true,"showParticleSystems":true,"showVisualEffectGraphs":true,"m_FxEnabled":true},"in2DMode":false,"pivot":{"x":-1.4893367290496827,"y":0.4421728849411011,"z":-0.6129944920539856},"rotation":{"x":0.13619521260261537,"y":0.5535353422164917,"z":-0.09236256778240204,"w":0.816423773765564},"size":0.15170039236545564,"orthographic":false}