{"cameraMode":{"drawMode":0,"name":"Shaded","section":"Shading Mode"},"sceneLighting":false,"audioPlay":false,"sceneViewState":{"m_AlwaysRefresh":false,"showFog":true,"showSkybox":false,"showFlares":true,"showImageEffects":true,"showParticleSystems":true,"showVisualEffectGraphs":true,"m_FxEnabled":false},"in2DMode":false,"pivot":{"x":0.002207384677603841,"y":-0.015807215124368669,"z":0.24788504838943482},"rotation":{"x":-0.21561060845851899,"y":0.7489874362945557,"z":-0.29127538204193118,"w":-0.5548117756843567},"size":0.8660253882408142,"orthographic":false}