{"cameraMode":{"drawMode":0,"name":"Shaded","section":"Shading Mode"},"sceneLighting":false,"audioPlay":false,"sceneViewState":{"m_AlwaysRefresh":false,"showFog":false,"showSkybox":false,"showFlares":false,"showImageEffects":false,"showParticleSystems":false,"showVisualEffectGraphs":true,"m_FxEnabled":false},"in2DMode":false,"pivot":{"x":0.18707531690597535,"y":0.8205454349517822,"z":-0.2981112599372864},"rotation":{"x":0.0018863797886297107,"y":0.9613391160964966,"z":-0.2732395827770233,"w":-0.037240494042634967},"size":2.0050861835479738,"orthographic":false}