{"cameraMode":{"drawMode":0,"name":"Shaded","section":"Shading Mode"},"sceneLighting":false,"audioPlay":false,"sceneViewState":{"m_AlwaysRefresh":false,"showFog":true,"showSkybox":false,"showFlares":true,"showImageEffects":true,"showParticleSystems":true,"showVisualEffectGraphs":true,"m_FxEnabled":false},"in2DMode":false,"pivot":{"x":-16.163297653198243,"y":5.744420051574707,"z":4.478298664093018},"rotation":{"x":0.3890426754951477,"y":-0.40012332797050478,"z":0.19222725927829743,"w":0.8073474168777466},"size":0.000017073167327907868,"orthographic":false}